Signal,STM32 Pin,Physical Pin,Peripheral,Destination,Notes
I2C_SDA,PB9,1,I2C1,"BME280;SCD41;SGP40;VEML7700","4.7k pull-up to 3V3"
I2C_SCL,PB8,28,I2C1,"BME280;SCD41;SGP40;VEML7700","4.7k pull-up to 3V3"
LD2450_TX,PA2,9,USART2_TX,HLK-LD2450_RX,"3.3V UART"
LD2450_RX,PA3,10,USART2_RX,HLK-LD2450_TX,"3.3V UART"
I2S_WS,PA4,11,SPI1/I2S,Microphone_WS,"final alternate function check before PCB"
I2S_CK,PA5,12,SPI1/I2S,Microphone_CK,"final alternate function check before PCB"
I2S_SD,PA7,14,SPI1/I2S,Microphone_SD,"final alternate function check before PCB"
RS485_DE,PB1,16,GPIO,MAX3485_DE_RE,"10k pull-down"
RS485_TX,PB6,32,USART1_TX,MAX3485_DI,""
RS485_RX,PB7,31,USART1_RX,MAX3485_RO,""
SWDIO,PA13,24,SWD,SWD_Header,""
SWCLK,PA14,25,SWD,SWD_Header,""
NRST,PF2-NRST,6,Reset,SWD_Header,"10k pull-up to 3V3"
