Qty,References,Value,Footprint,Verification
2,"C1 C2","100n","Fenstersteuerung:C_0805_2012Metric","Project-local footprint"
1,"C3","22uF 10V TANT","Fenstersteuerung:CP_EIA-3528-21_Kemet-B","AMS1117 output stabilization capacitor; project-local footprint"
2,"D1 D2","1N4007","Fenstersteuerung:D_DO-41_SOD81_P10.16mm_Horizontal","Project-local footprint"
1,"F1","T1A","Fenstersteuerung:Littelfuse_646_5x20","Footprint corrected to Littelfuse 646 5x20 holder; verify purchased part before assembly"
1,"F2","T2A","Fenstersteuerung:Littelfuse_646_5x20","Footprint corrected to Littelfuse 646 5x20 holder; verify purchased part before assembly"
1,"J1","230V IN L/N/PE","Fenstersteuerung:Phoenix_MKDS-1.5_3P_P5.08","Project-local footprint; verify exact terminal block variant"
1,"J2","REED OFFEN","Fenstersteuerung:Phoenix_MKDS-1.5_2P_P5.08","Project-local footprint; verify exact terminal block variant"
1,"J3","REED GEKIPPT","Fenstersteuerung:Phoenix_MKDS-1.5_2P_P5.08","Project-local footprint; verify exact terminal block variant"
1,"J4","RS485 5V/GND/A/B","Fenstersteuerung:Phoenix_MKDS-1.5_4P_P5.08","Project-local footprint; verify exact terminal block variant"
1,"J5","MOTOR N/PE/AUF/AB","Fenstersteuerung:Phoenix_MKDS-1.5_4P_P5.08","Project-local footprint; verify exact terminal block variant"
1,"J6","28BYJ-48 OBEN","Fenstersteuerung:JST_XH_B5B-XH-A_1x05_P2.50mm_Vertical","Project-local footprint"
1,"J7","28BYJ-48 UNTEN","Fenstersteuerung:JST_XH_B5B-XH-A_1x05_P2.50mm_Vertical","Project-local footprint"
1,"K1","Finder 40.52.9.005.0000 AUF","Fenstersteuerung:Relay_DPDT_Finder_40.52","Official Finder 40.52 pin grid reflected in footprint"
1,"K2","Finder 40.52.9.005.0000 AB","Fenstersteuerung:Relay_DPDT_Finder_40.52","Official Finder 40.52 pin grid reflected in footprint"
1,"PS1","IRM-20-5","Fenstersteuerung:Converter_ACDC_MeanWell_IRM-20-xx_THT","Footprint and pin mapping corrected for Mean Well IRM-20-5"
1,"Q1","BC337 AUF","Fenstersteuerung:TO-92_Inline_Wide","Project-local footprint"
1,"Q2","BC337 AB","Fenstersteuerung:TO-92_Inline_Wide","Project-local footprint"
2,"R1 R2","10k","Fenstersteuerung:R_0805_2012Metric","Project-local footprint"
1,"R3","120R TERM","Fenstersteuerung:R_0805_2012Metric","RS485 termination resistor"
2,"R4 R5","470R","Fenstersteuerung:R_0805_2012Metric","Project-local footprint"
1,"RV1","MOV 275VAC","Fenstersteuerung:MOV_S14K275_P7.5","TDK/EPCOS S14K275-style 7.5 mm lead pitch; verify exact purchased part"
1,"U1","ESP32-S3 DevKitC-1 headers","Fenstersteuerung:ESP32-S3_DevKitC-1_Carrier","DevKitC-1 pin mapping corrected; verify exact ESP32-S3 DevKitC-1 board revision"
1,"U2","AMS1117-3.3","Fenstersteuerung:SOT-223-3_TabPin2","Project-local footprint"
1,"U3","MAX3485","Fenstersteuerung:SOIC-8_3.9x4.9mm_P1.27mm","Project-local footprint"
1,"U4","ULN2003A OBEN","Fenstersteuerung:DIP-16_W7.62mm","Project-local footprint"
1,"U5","ULN2003A UNTEN","Fenstersteuerung:DIP-16_W7.62mm","Project-local footprint"
